ClassID,ClassName,TrainerID,Schedule,Notes
1,CrossFit,3,2025-08-08 15:11:22.901024,Until clearly poor option type account.
2,Pilates,50,2025-07-25 20:42:37.041202,Brother record professor what news.
3,CrossFit,14,2024-09-04 07:55:43.733293,Model ahead unit admit authority time bill.
4,Yoga,1,2024-12-03 10:59:56.705546,Drug baby four service skill member.
5,Pilates,44,2025-07-17 10:18:07.084300,Explain new son explain this.
6,Pilates,29,2024-10-06 10:56:50.185531,
7,Cardio,30,2024-09-02 16:17:17.388242,Political purpose unit development.
8,Pilates,25,2025-01-08 04:31:51.539343,Marriage tree politics whose purpose dinner.
9,Pilates,42,2025-03-12 07:07:30.687518,Property best station per.
10,Strength,38,2025-07-16 21:14:53.184201,
11,Pilates,32,2025-01-29 18:38:52.190669,State I office five forward.
12,CrossFit,19,2024-12-16 09:52:19.025443,Trip six or fill should name.
13,Yoga,19,2024-11-30 00:14:26.938624,Thus a industry who note any fear.
14,CrossFit,8,2025-07-12 20:29:35.273167,Part myself address at any former least.
15,Yoga,13,2024-11-13 16:09:21.467044,He throw bar five know.
16,Cardio,1,2024-09-23 10:21:55.449619,Industry nice federal together around.
17,Cardio,50,2024-12-29 00:44:30.280488,Mention create reveal.
18,Strength,12,2025-04-02 08:30:24.658351,Policy support fast feeling.
19,Pilates,32,2025-05-30 00:40:47.456938,Teacher Congress sort speech mother push drive.
20,CrossFit,45,2024-10-10 19:39:39.752574,Company feeling above all bag.
21,Yoga,7,2025-05-06 11:52:01.993170,Book former east their outside.
22,Cardio,48,2024-12-18 01:00:48.414898,Firm example what up his street.
23,Pilates,37,2025-03-14 01:05:58.150705,
24,CrossFit,24,2025-01-05 17:46:50.302135,Everyone hard article you.
25,CrossFit,2,2024-11-06 03:17:21.728926,Per full outside grow.
26,Strength,41,2025-07-26 09:18:09.942813,Focus Mrs special moment.
27,CrossFit,31,2024-11-11 01:19:10.150154,
28,CrossFit,36,2024-11-30 11:25:58.023940,Painting hot toward real.
29,Yoga,5,2025-03-27 13:23:08.180450,
30,Strength,31,2025-01-29 01:01:14.124035,Magazine week outside stop.
31,Cardio,9,2024-08-30 00:53:41.638348,
32,Cardio,6,2024-09-21 03:50:15.094097,Must shoulder toward grow drive compare image.
33,Cardio,29,2025-03-29 00:42:22.235590,Teach strong how worry standard seem will.
34,Pilates,24,2024-10-03 14:43:29.250154,Only matter few sister start.
35,CrossFit,5,2024-08-23 03:38:06.423068,And believe one blood.
36,Cardio,38,2024-11-15 19:16:18.344760,Deep people majority maintain page.
37,Pilates,3,2024-08-21 03:10:32.433629,Contain ok game.
38,Cardio,20,2024-09-25 16:51:30.942358,
39,CrossFit,1,2024-10-12 18:52:33.408206,Heavy responsibility exactly man method happy.
40,Pilates,1,2025-08-09 14:22:41.971823,
41,Strength,38,2024-12-11 06:38:17.470628,Often perform together dinner experience sister risk.
42,Strength,9,2025-08-12 08:53:52.470361,Sea bar his physical.
43,Cardio,31,2025-02-06 09:19:48.020823,Shoulder expect heavy kid explain each actually.
44,Cardio,43,2025-05-17 16:33:18.875443,Fast series cultural pass treatment turn prove wind.
45,CrossFit,14,2025-01-23 16:02:38.999153,
46,CrossFit,36,2025-01-21 01:02:08.421634,Future general probably possible service at.
47,Pilates,5,2024-08-30 01:25:12.084287,
48,Cardio,33,2025-03-18 13:47:11.705440,
49,Yoga,31,2025-03-10 15:21:23.027201,Live area product something person choose.
50,Yoga,37,2024-11-18 04:39:38.875497,Hospital personal quite kid.
51,CrossFit,41,2025-01-08 12:02:08.109859,Plan daughter early character range but green.
52,Cardio,17,2024-10-16 02:32:04.137847,Her player result positive.
53,CrossFit,3,2025-01-01 15:41:50.828594,Treatment base experience charge find.
54,CrossFit,2,2024-08-28 06:12:40.571254,Voice each store.
55,Strength,26,2025-05-29 16:14:22.726956,Now Mrs traditional chance during.
56,Cardio,48,2025-05-02 01:23:34.238808,Century join outside phone surface.
57,CrossFit,40,2025-01-06 03:59:58.808832,Camera long who require billion.
58,Pilates,27,2025-04-18 02:42:41.679121,Soon market garden author world.
59,Cardio,16,2025-07-13 10:59:19.519001,Cause behind single project air hold good.
60,Strength,32,2025-05-03 04:01:21.227436,Fall issue tend theory the hard.
61,CrossFit,39,2025-06-10 13:46:00.331481,
62,Yoga,36,2025-02-14 13:29:42.045824,
63,Cardio,50,2025-08-18 05:12:46.760518,Wall determine space eat wear half.
64,Strength,18,2025-01-10 15:29:22.299322,Party within employee kid fall international.
65,CrossFit,42,2024-10-19 12:42:28.554649,Explain happen build fill personal fire when.
66,Strength,20,2025-03-19 16:55:25.689946,Industry him up teach central public term.
67,Pilates,21,2025-05-27 02:56:11.140181,Then represent conference war science reduce pass.
68,CrossFit,33,2025-03-21 18:59:48.107714,Either theory term authority offer.
69,Pilates,45,2024-12-08 09:00:55.682487,Too control skin fall management nearly.
70,Pilates,39,2025-06-29 09:37:46.497450,Expert general manage.
71,Pilates,9,2025-03-15 13:22:23.379581,Health tell fact pretty.
72,Yoga,45,2025-02-04 00:11:49.505597,Discover particularly care fall new.
73,Strength,35,2025-06-23 12:01:12.283245,Similar cover population thing.
74,Yoga,17,2025-04-30 15:25:03.362287,Recognize especially ask two major she knowledge.
75,Strength,19,2025-01-11 19:17:48.553729,Picture provide support six space international.
76,Cardio,21,2024-08-21 23:11:04.701805,Write third stay agree.
77,Strength,16,2025-08-02 01:06:36.851489,Through result military.
78,Strength,20,2025-02-20 05:36:36.183836,Call stage significant thank data.
79,Strength,34,2025-08-18 00:11:57.956513,Institution later office age so.
80,Strength,17,2024-10-20 03:35:59.861231,Painting material science beat deal across friend.
81,Cardio,50,2025-04-24 17:05:12.983009,True three theory outside agency world true evidence.
82,Cardio,50,2025-05-08 14:18:27.187669,Box could end.
83,Cardio,44,2025-01-02 08:51:04.364585,Traditional us hear station.
84,Pilates,36,2025-08-09 08:12:24.047841,Back together factor.
85,CrossFit,38,2024-09-29 10:55:18.287473,Skin most real remain art there.
86,Yoga,47,2024-11-07 12:58:09.578506,Safe officer serious same experience point article.
87,Strength,41,2024-09-11 19:38:07.444951,Ask if throw future reach.
88,Pilates,41,2025-06-20 20:34:22.347123,Mission pressure ever position local.
89,Cardio,42,2025-02-03 16:32:09.292112,Media culture person activity two might.
90,Strength,16,2024-12-14 10:31:17.905412,Language main spring nature already.
91,Strength,37,2025-08-06 18:20:54.637839,Also thousand so price if paper really position.
92,Strength,10,2024-11-02 23:07:25.743731,Job blood middle home.
93,Yoga,17,2025-08-13 15:53:55.826528,
94,CrossFit,36,2025-02-25 08:08:57.304459,Both notice like story just often.
95,Yoga,5,2025-05-07 17:23:48.612166,Professional civil assume thank rest.
96,Strength,32,2025-07-02 06:03:42.302600,Wide movie heart eight poor attack.
97,Pilates,38,2024-12-25 09:38:16.112195,Keep change hard half dream easy.
98,Pilates,37,2025-04-17 00:36:47.687025,Clear city hundred center life since lot.
99,Strength,4,2025-03-12 18:03:19.104472,Race much environment interesting.
100,CrossFit,39,2025-03-08 13:12:17.070428,
101,CrossFit,25,2025-03-29 06:13:03.124862,Above themselves dark charge middle.
102,Cardio,12,2024-11-03 01:46:35.373822,
103,Yoga,3,2025-07-15 10:36:58.715650,Condition senior involve nice positive effort attorney.
104,Strength,7,2025-01-02 20:59:03.286666,Clearly call military want.
105,Strength,9,2025-01-23 03:25:45.904847,Above name stand walk account.
106,CrossFit,14,2025-07-20 23:23:39.602223,
107,Pilates,4,2025-07-23 19:25:06.536375,
108,Strength,40,2024-10-05 01:21:50.323022,Police she difference.
109,Strength,28,2025-07-02 07:44:30.353106,Wear soldier light turn.
110,Cardio,40,2025-08-02 09:41:01.920088,Building service fall five.
111,Strength,36,2025-04-30 14:21:10.425088,Present TV cup sister article kind bar.
112,Cardio,10,2024-09-16 02:36:40.910322,
113,Pilates,21,2025-06-18 12:50:39.931802,Cell far face describe question.
114,Cardio,25,2024-09-08 07:25:29.121363,Support reality language like serious strong situation.
115,Pilates,2,2025-07-16 07:08:10.424889,Question old listen heavy.
116,Yoga,37,2025-05-06 14:50:08.364482,Glass human show image American participant.
117,Strength,32,2025-04-26 04:52:40.344831,
118,Cardio,27,2025-02-27 18:29:41.685280,Crime single administration past happen.
119,CrossFit,40,2024-10-18 08:34:16.267101,War worry here Republican cultural.
120,Cardio,15,2025-02-03 23:38:59.374525,Whatever consumer study often set.
121,Yoga,16,2024-11-17 10:52:22.895481,Region learn gun expect public instead several free.
122,CrossFit,38,2025-06-04 09:42:05.661676,Box traditional forget seat benefit attorney remember travel.
123,CrossFit,29,2025-01-20 10:28:27.497331,Mean care give.
124,Yoga,6,2025-03-17 05:32:44.704667,Prove suddenly travel our tell.
125,CrossFit,29,2025-07-21 20:34:32.022801,Determine eye matter debate man.
126,CrossFit,40,2024-09-21 23:31:30.153782,Blue now line before.
127,Yoga,35,2024-11-20 11:22:55.831774,Wife represent under world hold.
128,Cardio,44,2024-12-01 23:20:47.059192,Speech age debate wall wear.
129,Pilates,22,2025-04-30 08:54:40.655066,Interest chair million financial much enough.
130,CrossFit,33,2025-07-11 01:36:52.784733,Write marriage campaign able.
131,CrossFit,39,2025-06-12 12:46:03.184361,Again hospital anyone fight.
132,Cardio,46,2025-05-19 22:50:27.594698,
133,CrossFit,11,2025-06-04 21:16:17.726154,Beat agency she evidence station many.
134,Cardio,14,2024-10-01 05:08:52.052710,Role these receive cup doctor.
135,CrossFit,18,2025-07-14 14:01:09.850851,High require strategy customer actually.
136,Strength,15,2025-07-17 16:18:03.656142,Reveal operation money organization.
137,CrossFit,2,2024-11-14 03:16:12.712573,Kitchen box about wait table mother and.
138,Pilates,16,2025-02-28 18:16:08.328675,From weight ask myself wall.
139,Yoga,29,2025-05-23 12:00:08.003425,Raise perform discover type relationship plan individual because.
140,Yoga,25,2025-05-28 17:29:42.052133,Color trouble agent small bank world.
141,Strength,25,2025-04-23 16:32:56.698141,
142,CrossFit,47,2025-01-24 02:23:52.539131,Give worker set field.
143,CrossFit,6,2025-02-03 23:23:41.074888,Shoulder suggest the treat detail.
144,Strength,15,2025-08-18 05:57:28.152413,Already give nature deep.
145,Strength,31,2025-06-01 04:14:52.915901,Across party market dark language.
146,Cardio,38,2025-02-20 09:37:41.313297,Behind once by final.
147,Pilates,34,2025-04-21 02:11:49.282098,Do your safe green agreement rock if magazine.
148,Yoga,25,2025-02-11 07:20:36.475612,Meeting long thank by.
149,Cardio,6,2025-03-02 05:42:33.534777,Important door name town project.
150,Cardio,6,2024-08-29 08:31:13.303214,These site claim under commercial city.
151,Pilates,4,2025-01-22 15:33:10.135940,Kitchen store method now reach language.
152,Pilates,17,2025-01-12 09:49:46.305816,Writer foot cost true own throughout.
153,Strength,10,2025-03-04 19:06:58.401787,A fact on space not blood food performance.
154,Strength,12,2025-02-11 19:03:17.659780,Its window structure herself.
155,Strength,11,2024-08-29 11:42:00.269480,Treatment hard score agency ahead.
156,Cardio,6,2024-09-15 20:05:37.948371,By kid throughout sit form.
157,Pilates,42,2025-03-09 18:51:35.042216,Occur well cause whatever television.
158,Cardio,19,2025-07-03 04:32:46.716702,Soon move kid possible success final.
159,CrossFit,11,2025-01-23 21:29:57.550199,Their guess analysis responsibility.
160,Cardio,39,2024-10-26 10:48:35.324219,Organization police mission language structure.
161,Yoga,50,2025-02-15 19:30:17.889243,
162,Cardio,35,2025-04-10 22:23:11.150401,
163,CrossFit,36,2025-08-17 20:24:06.971131,Do admit center cultural but room change plant.
164,Cardio,10,2024-09-12 16:25:40.709515,Hot personal management color senior age product.
165,Cardio,16,2025-03-27 18:55:48.178289,Yet class surface impact.
166,Strength,11,2024-11-05 09:06:23.457991,Plant administration collection among.
167,Pilates,2,2025-06-02 03:57:06.203354,Police after carry energy common his report.
168,Yoga,26,2024-10-10 02:36:17.176154,
169,Yoga,31,2025-05-03 16:28:01.495227,Later dream war same explain agent speak.
170,Cardio,16,2025-02-17 02:33:38.496667,Southern several figure watch.
171,Strength,37,2025-08-06 09:16:17.432634,Top question traditional eight result myself.
172,CrossFit,16,2025-02-16 10:09:25.798031,Gun fight vote despite form.
173,Yoga,46,2024-09-13 07:59:33.470452,Pretty to window production industry until.
174,Pilates,49,2025-02-24 03:41:51.890225,
175,CrossFit,9,2025-04-20 17:21:12.065246,
176,CrossFit,34,2025-07-05 01:56:18.422868,Cup father scientist director vote good natural.
177,CrossFit,36,2025-01-24 01:15:35.433508,Take story democratic without.
178,CrossFit,34,2025-06-19 11:32:53.816018,Finish child team specific list modern above.
179,Pilates,23,2025-02-21 21:10:03.827986,Fact city this impact sound night prevent power.
180,Pilates,46,2024-12-08 05:32:47.450452,You real term all agency right.
181,CrossFit,49,2024-12-09 23:56:01.282099,Guess result other mother.
182,CrossFit,11,2025-01-13 19:14:08.701417,Run account leader exactly.
183,CrossFit,9,2025-07-21 14:01:11.579473,Serve note recent land trip majority center will.
184,Cardio,5,2024-12-13 07:58:16.404754,Project wide above no agreement instead.
185,Strength,20,2024-12-20 18:21:22.924073,
186,CrossFit,25,2025-08-17 23:48:34.219547,Great put ready player.
187,Strength,2,2024-12-07 21:55:55.216328,Age continue none find gas those.
188,Cardio,49,2024-10-10 05:54:13.508455,
189,CrossFit,50,2025-02-05 20:22:27.513589,Sign rather range station seek.
190,Cardio,29,2025-04-03 23:44:11.376339,Could something right beyond central prevent.
191,Cardio,42,2025-03-18 19:05:49.192135,Year cold group those stage.
192,CrossFit,16,2024-10-13 19:05:20.637318,
193,Cardio,29,2025-01-25 22:35:34.674586,Town south gas reality model many.
194,CrossFit,30,2025-03-01 10:04:05.605564,Resource glass fall west employee series with.
195,Strength,14,2025-06-07 21:48:48.264141,Ball discussion behind live top fight stock fine.
196,CrossFit,4,2025-04-27 07:11:23.843823,Recognize under individual listen name blue lay.
197,Cardio,41,2024-11-18 18:11:50.517079,History young cell beautiful fish.
198,Strength,24,2025-02-10 02:20:30.788271,
199,CrossFit,25,2025-08-07 05:21:33.196855,Set either big send.
200,CrossFit,5,2024-08-30 21:05:45.654717,Moment memory situation kind civil.
