TrainerID,Name,Specialty,Phone
1,Jesse Jones,Yoga,(444)561-4409
2,Scott Brown,Yoga,465-864-2601x8637
3,Keith Casey,Pilates,
4,Tanner James,Yoga,+1-255-292-2776x414
5,Scott Mcguire,Strength,+1-650-625-5134
6,Jennifer Taylor,Cardio,+1-383-690-4733
7,Desiree Simon,Strength,001-915-974-9325x114
8,Emily Brown,Strength,001-304-509-5437x766
9,Joseph Brooks,Strength,3017873143
10,Austin Perez,CrossFit,886.721.0781x8710
11,Carl Juarez,CrossFit,3687026933
12,Cassidy Paul,Strength,8607023028
13,Melissa Rogers,Yoga,001-805-922-4114x206
14,Ethan Scott,CrossFit,001-499-420-1663x3822
15,Andre Flores,Cardio,001-322-220-5620
16,Ashley Clark,Pilates,+1-743-439-1332
17,Tina Wilson,CrossFit,423.594.5645
18,Jonathan Evans,Yoga,497-260-2498x6634
19,Lauren Kelly,Strength,(377)734-9852x97356
20,Yolanda Holden,CrossFit,(855)891-4762x5380
21,Derek Patton,Cardio,(733)569-5247x466
22,Justin Hale,Yoga,001-462-698-5324x367
23,John Moore,Cardio,
24,Matthew Villa,Yoga,783.854.3468
25,Kenneth Gutierrez,Cardio,368-824-9793
26,Scott Nunez,Yoga,411.868.3710x30737
27,Michael Hampton,CrossFit,001-501-348-9678x08264
28,Bryan Mitchell,CrossFit,494.876.2542
29,Elizabeth Christensen,CrossFit,
30,Robert Harper,Pilates,329.494.0369x481
31,Michele Reyes,CrossFit,597-319-6706x8335
32,Tyler Rodriguez,Strength,(590)516-3994x901
33,William Lewis,Pilates,+1-367-834-8140x98410
34,Daniel Jones III,Pilates,+1-211-260-4991
35,Mary Livingston,CrossFit,2283866168
36,Lindsey Wright,CrossFit,(413)248-5484
37,Craig Coleman,Yoga,001-779-917-9138x601
38,Michael Miller,CrossFit,313.621.9402x4702
39,Casey Ferguson,CrossFit,+1-845-627-1936x7857
40,Chelsea Jones,Yoga,+1-610-474-9161
41,Christian Bailey,Pilates,8134153506
42,Jason King,Strength,(952)352-7410x254
43,Julie Daniels,CrossFit,001-594-288-5669x489
44,Brian Mooney,CrossFit,
45,Gina Hayes,CrossFit,+1-863-455-8422x71726
46,Heidi Richardson,Yoga,860-870-0144x130
47,Debbie Cobb,Pilates,471.200.6689x04172
48,Christopher Mason,Cardio,415-422-3282
49,Diane Herrera,Yoga,352.283.5999x4004
50,Kristen Chavez,Strength,535-711-3505
